{
    "FC": {
        "camera_type": "kannala",
        "intrinsics": [
            [
                1851.236429403709,
                0.0,
                1934.915220238078,
                0.0
            ],
            [
                0.0,
                1851.236429403709,
                1106.250903281242,
                0.0
            ],
            [
                0.0,
                0.0,
                1.0,
                0.0
            ]
        ],
        "extrinsics": [
            [
                -0.0012443009571497955,
                -0.007140321171405199,
                0.9999737334193821,
                2.041530038467477
            ],
            [
                -0.9999985043235997,
                -0.0011923622899190512,
                -0.0012528458537574981,
                0.01046086664278946
            ],
            [
                0.0012012766924129126,
                -0.9999737966995631,
                -0.007138826834256761,
                1.153358971600469
            ],
            [
                0.0,
                0.0,
                0.0,
                1.0
            ]
        ],
        "lidar_extrinsics": [
            [
                -0.03284954467709882,
                0.9994589550429459,
                0.0016445664990291044,
                1.118838275897823
            ],
            [
                -0.9994499367789517,
                -0.03285665539800275,
                0.0045015629070724724,
                0.003270437483865621
            ],
            [
                0.004553162313900439,
                -0.0014957875916507722,
                0.9999885156002661,
                1.751747814213218
            ],
            [
                0.0,
                0.0,
                0.0,
                1.0
            ]
        ],
        "image_dimensions": [
            3848,
            2168
        ],
        "distortion": [
            -0.01953277460452222,
            0.002965852101949883,
            0.007597793817312631,
            -0.005483787262543938
        ],
        "undistortion": [
            0.01941609204371988,
            -0.0008696395520259413,
            -0.01061976254664636,
            0.007145957797468367
        ],
        "field_of_view": [
            121.0375931222372,
            67.51722459603401
        ],
        "xi": null
    }
}